model	bertscore_f1	k	prompt	task
mimir-mistral-7b-core-scratch	87.986	0	prompt_0	tatoeba_eng_nno_nn
mimir-mistral-7b-core-scratch	80.009	0	prompt_1	tatoeba_eng_nno_nn
mimir-mistral-7b-core-scratch	83.787	0	prompt_2	tatoeba_eng_nno_nn
mimir-mistral-7b-core-scratch	71.384	0	prompt_3	tatoeba_eng_nno_nn
mimir-mistral-7b-core-scratch	87.732	0	prompt_0	tatoeba_nno_eng_nn
mimir-mistral-7b-core-scratch	78.533	0	prompt_1	tatoeba_nno_eng_nn
mimir-mistral-7b-core-scratch	80.045	0	prompt_2	tatoeba_nno_eng_nn
mimir-mistral-7b-core-scratch	61.526	0	prompt_3	tatoeba_nno_eng_nn
mimir-mistral-7b-core-scratch	87.376	0	prompt_0	tatoeba_eng_nob_nb
mimir-mistral-7b-core-scratch	73.494	0	prompt_1	tatoeba_eng_nob_nb
mimir-mistral-7b-core-scratch	69.412	0	prompt_2	tatoeba_eng_nob_nb
mimir-mistral-7b-core-scratch	75.825	0	prompt_3	tatoeba_eng_nob_nb
mimir-mistral-7b-core-scratch	77.839	0	prompt_0	tatoeba_nob_eng_nb
mimir-mistral-7b-core-scratch	69.02	0	prompt_1	tatoeba_nob_eng_nb
mimir-mistral-7b-core-scratch	69.14	0	prompt_2	tatoeba_nob_eng_nb
mimir-mistral-7b-core-scratch	59.789	0	prompt_3	tatoeba_nob_eng_nb
mimir-mistral-7b-core-scratch	91.075	0	prompt_0	tatoeba_nob_nno_nb
mimir-mistral-7b-core-scratch	76.108	0	prompt_1	tatoeba_nob_nno_nb
mimir-mistral-7b-core-scratch	81.963	0	prompt_2	tatoeba_nob_nno_nb
mimir-mistral-7b-core-scratch	72.253	0	prompt_3	tatoeba_nob_nno_nb
mimir-mistral-7b-core-scratch	96.312	0	prompt_0	tatoeba_nno_nob_nn
mimir-mistral-7b-core-scratch	94.7	0	prompt_1	tatoeba_nno_nob_nn
mimir-mistral-7b-core-scratch	87.523	0	prompt_2	tatoeba_nno_nob_nn
mimir-mistral-7b-core-scratch	86.767	0	prompt_3	tatoeba_nno_nob_nn
mimir-mistral-7b-core-scratch	90.522	1	prompt_0	tatoeba_eng_nno_nn
mimir-mistral-7b-core-scratch	90.52	1	prompt_1	tatoeba_eng_nno_nn
mimir-mistral-7b-core-scratch	90.636	1	prompt_2	tatoeba_eng_nno_nn
mimir-mistral-7b-core-scratch	88.914	1	prompt_3	tatoeba_eng_nno_nn
mimir-mistral-7b-core-scratch	93.038	1	prompt_0	tatoeba_nno_eng_nn
mimir-mistral-7b-core-scratch	93.198	1	prompt_1	tatoeba_nno_eng_nn
mimir-mistral-7b-core-scratch	93.124	1	prompt_2	tatoeba_nno_eng_nn
mimir-mistral-7b-core-scratch	92.369	1	prompt_3	tatoeba_nno_eng_nn
mimir-mistral-7b-core-scratch	92.718	1	prompt_0	tatoeba_eng_nob_nb
mimir-mistral-7b-core-scratch	93.082	1	prompt_1	tatoeba_eng_nob_nb
mimir-mistral-7b-core-scratch	92.801	1	prompt_2	tatoeba_eng_nob_nb
mimir-mistral-7b-core-scratch	91.947	1	prompt_3	tatoeba_eng_nob_nb
mimir-mistral-7b-core-scratch	93.718	1	prompt_0	tatoeba_nob_eng_nb
mimir-mistral-7b-core-scratch	93.579	1	prompt_1	tatoeba_nob_eng_nb
mimir-mistral-7b-core-scratch	93.588	1	prompt_2	tatoeba_nob_eng_nb
mimir-mistral-7b-core-scratch	93.1	1	prompt_3	tatoeba_nob_eng_nb
mimir-mistral-7b-core-scratch	91.087	4	prompt_0	tatoeba_eng_nno_nn
mimir-mistral-7b-core-scratch	90.942	4	prompt_1	tatoeba_eng_nno_nn
mimir-mistral-7b-core-scratch	91.189	4	prompt_2	tatoeba_eng_nno_nn
mimir-mistral-7b-core-scratch	91.034	4	prompt_3	tatoeba_eng_nno_nn
mimir-mistral-7b-core-scratch	93.409	4	prompt_0	tatoeba_nno_eng_nn
mimir-mistral-7b-core-scratch	93.605	4	prompt_1	tatoeba_nno_eng_nn
mimir-mistral-7b-core-scratch	93.519	4	prompt_2	tatoeba_nno_eng_nn
mimir-mistral-7b-core-scratch	93.162	4	prompt_3	tatoeba_nno_eng_nn
mimir-mistral-7b-core-scratch	93.338	4	prompt_0	tatoeba_eng_nob_nb
mimir-mistral-7b-core-scratch	93.444	4	prompt_1	tatoeba_eng_nob_nb
mimir-mistral-7b-core-scratch	93.38	4	prompt_2	tatoeba_eng_nob_nb
mimir-mistral-7b-core-scratch	93.276	4	prompt_3	tatoeba_eng_nob_nb
mimir-mistral-7b-core-scratch	93.885	4	prompt_0	tatoeba_nob_eng_nb
mimir-mistral-7b-core-scratch	93.947	4	prompt_1	tatoeba_nob_eng_nb
mimir-mistral-7b-core-scratch	93.908	4	prompt_2	tatoeba_nob_eng_nb
mimir-mistral-7b-core-scratch	93.881	4	prompt_3	tatoeba_nob_eng_nb
mimir-mistral-7b-core-scratch	91.052	16	prompt_0	tatoeba_eng_nno_nn
mimir-mistral-7b-core-scratch	91.041	16	prompt_1	tatoeba_eng_nno_nn
mimir-mistral-7b-core-scratch	91.169	16	prompt_2	tatoeba_eng_nno_nn
mimir-mistral-7b-core-scratch	91.014	16	prompt_3	tatoeba_eng_nno_nn
mimir-mistral-7b-core-scratch	93.573	16	prompt_0	tatoeba_nno_eng_nn
mimir-mistral-7b-core-scratch	93.632	16	prompt_1	tatoeba_nno_eng_nn
mimir-mistral-7b-core-scratch	93.693	16	prompt_2	tatoeba_nno_eng_nn
mimir-mistral-7b-core-scratch	93.385	16	prompt_3	tatoeba_nno_eng_nn
mimir-mistral-7b-core-scratch	93.476	16	prompt_0	tatoeba_eng_nob_nb
mimir-mistral-7b-core-scratch	93.563	16	prompt_1	tatoeba_eng_nob_nb
mimir-mistral-7b-core-scratch	93.533	16	prompt_2	tatoeba_eng_nob_nb
mimir-mistral-7b-core-scratch	93.386	16	prompt_3	tatoeba_eng_nob_nb
mimir-mistral-7b-core-scratch	93.943	16	prompt_0	tatoeba_nob_eng_nb
mimir-mistral-7b-core-scratch	94.004	16	prompt_1	tatoeba_nob_eng_nb
mimir-mistral-7b-core-scratch	94.02	16	prompt_2	tatoeba_nob_eng_nb
mimir-mistral-7b-core-scratch	93.979	16	prompt_3	tatoeba_nob_eng_nb
mimir-mistral-7b-base-scratch	86.471	0	prompt_0	tatoeba_eng_nno_nn
mimir-mistral-7b-base-scratch	79.985	0	prompt_2	tatoeba_eng_nno_nn
mimir-mistral-7b-base-scratch	74.57	0	prompt_3	tatoeba_eng_nno_nn
mimir-mistral-7b-base-scratch	82.687	0	prompt_1	tatoeba_eng_nno_nn
mimir-mistral-7b-extended	81.102	0	prompt_1	tatoeba_eng_nno_nn
mimir-mistral-7b-extended	85.306	0	prompt_0	tatoeba_eng_nno_nn
mimir-mistral-7b-extended	85.364	0	prompt_3	tatoeba_eng_nno_nn
mimir-mistral-7b-extended	85.594	0	prompt_2	tatoeba_eng_nno_nn
mimir-7b-fiction	80.559	0	prompt_0	tatoeba_eng_nno_nn
mimir-7b-fiction	79.287	0	prompt_1	tatoeba_eng_nno_nn
mimir-7b-fiction	78.761	0	prompt_2	tatoeba_eng_nno_nn
mimir-7b-fiction	73.977	0	prompt_3	tatoeba_eng_nno_nn
mimir-7b-nonfiction	67.577	0	prompt_3	tatoeba_eng_nno_nn
mimir-7b-nonfiction	78.812	0	prompt_1	tatoeba_eng_nno_nn
mimir-7b-nonfiction	80.76	0	prompt_0	tatoeba_eng_nno_nn
mimir-7b-nonfiction	80.017	0	prompt_2	tatoeba_eng_nno_nn
mimir-7b-factual	81.291	0	prompt_0	tatoeba_eng_nno_nn
mimir-7b-factual	75.198	0	prompt_1	tatoeba_eng_nno_nn
mimir-7b-factual	65.226	0	prompt_3	tatoeba_eng_nno_nn
mimir-7b-factual	79.331	0	prompt_2	tatoeba_eng_nno_nn
mimir-7b-newspapers	87.386	0	prompt_0	tatoeba_eng_nno_nn
mimir-7b-newspapers	84.899	0	prompt_2	tatoeba_eng_nno_nn
mimir-7b-newspapers	74.581	0	prompt_3	tatoeba_eng_nno_nn
mimir-7b-newspapers	88.345	0	prompt_1	tatoeba_eng_nno_nn
mimir-7b-books	68.764	0	prompt_3	tatoeba_eng_nno_nn
mimir-7b-books	80.347	0	prompt_0	tatoeba_eng_nno_nn
mimir-7b-books	77.637	0	prompt_2	tatoeba_eng_nno_nn
mimir-7b-books	74.805	0	prompt_1	tatoeba_eng_nno_nn
mimir-7b-rightholders	67.337	0	prompt_3	tatoeba_eng_nno_nn
mimir-7b-rightholders	72.286	0	prompt_1	tatoeba_eng_nno_nn
mimir-7b-rightholders	75.982	0	prompt_2	tatoeba_eng_nno_nn
mimir-7b-rightholders	81.045	0	prompt_0	tatoeba_eng_nno_nn
mimir-7b-untranslated-withnewspapers	81.443	0	prompt_0	tatoeba_eng_nno_nn
mimir-7b-untranslated-withnewspapers	67.532	0	prompt_3	tatoeba_eng_nno_nn
mimir-7b-untranslated-withnewspapers	76.344	0	prompt_1	tatoeba_eng_nno_nn
mimir-7b-untranslated-withnewspapers	78.209	0	prompt_2	tatoeba_eng_nno_nn
mimir-7b-untranslated	68.149	0	prompt_3	tatoeba_eng_nno_nn
mimir-7b-untranslated	78.378	0	prompt_1	tatoeba_eng_nno_nn
mimir-7b-untranslated	80.766	0	prompt_0	tatoeba_eng_nno_nn
mimir-7b-untranslated	78.063	0	prompt_2	tatoeba_eng_nno_nn
mimir-7b-translated	80.189	0	prompt_0	tatoeba_eng_nno_nn
mimir-7b-translated	74.282	0	prompt_2	tatoeba_eng_nno_nn
mimir-7b-translated	65.426	0	prompt_3	tatoeba_eng_nno_nn
mimir-7b-translated	75.758	0	prompt_1	tatoeba_eng_nno_nn
mimir-mistral-7b-base	71.183	0	prompt_1	tatoeba_eng_nno_nn
mimir-mistral-7b-base	68.911	0	prompt_2	tatoeba_eng_nno_nn
mimir-mistral-7b-base	85.652	0	prompt_0	tatoeba_eng_nno_nn
mimir-mistral-7b-base	76.799	0	prompt_3	tatoeba_eng_nno_nn
mimir-mistral-7b-extended-scratch	88.089	0	prompt_0	tatoeba_eng_nno_nn
mimir-mistral-7b-extended-scratch	83.346	0	prompt_1	tatoeba_eng_nno_nn
mimir-mistral-7b-extended-scratch	81.918	0	prompt_2	tatoeba_eng_nno_nn
mimir-mistral-7b-extended-scratch	77.915	0	prompt_3	tatoeba_eng_nno_nn
mimir-mistral-7b-base-scratch	87.501	0	prompt_0	tatoeba_nno_eng_nn
mimir-mistral-7b-base-scratch	87.05	0	prompt_1	tatoeba_nno_eng_nn
mimir-mistral-7b-base-scratch	72.811	0	prompt_3	tatoeba_nno_eng_nn
mimir-mistral-7b-base-scratch	77.366	0	prompt_2	tatoeba_nno_eng_nn
mimir-mistral-7b-extended	81.33	0	prompt_1	tatoeba_nno_eng_nn
mimir-mistral-7b-extended	71.093	0	prompt_3	tatoeba_nno_eng_nn
mimir-mistral-7b-extended	80.331	0	prompt_2	tatoeba_nno_eng_nn
mimir-mistral-7b-extended	81.977	0	prompt_0	tatoeba_nno_eng_nn
mimir-7b-fiction	67.658	0	prompt_3	tatoeba_nno_eng_nn
mimir-7b-fiction	77.146	0	prompt_2	tatoeba_nno_eng_nn
mimir-7b-fiction	78.793	0	prompt_0	tatoeba_nno_eng_nn
mimir-7b-fiction	78.984	0	prompt_1	tatoeba_nno_eng_nn
mimir-7b-nonfiction	67.42	0	prompt_3	tatoeba_nno_eng_nn
mimir-7b-nonfiction	74.229	0	prompt_2	tatoeba_nno_eng_nn
mimir-7b-nonfiction	77.654	0	prompt_1	tatoeba_nno_eng_nn
mimir-7b-nonfiction	79.824	0	prompt_0	tatoeba_nno_eng_nn
mimir-7b-factual	75.908	0	prompt_1	tatoeba_nno_eng_nn
mimir-7b-factual	63.444	0	prompt_3	tatoeba_nno_eng_nn
mimir-7b-factual	72.028	0	prompt_2	tatoeba_nno_eng_nn
mimir-7b-factual	82.561	0	prompt_0	tatoeba_nno_eng_nn
mimir-7b-newspapers	82.397	0	prompt_0	tatoeba_nno_eng_nn
mimir-7b-newspapers	86.961	0	prompt_2	tatoeba_nno_eng_nn
mimir-7b-newspapers	91.88	0	prompt_1	tatoeba_nno_eng_nn
mimir-7b-newspapers	68.858	0	prompt_3	tatoeba_nno_eng_nn
mimir-7b-books	73.8	0	prompt_2	tatoeba_nno_eng_nn
mimir-7b-books	79.568	0	prompt_0	tatoeba_nno_eng_nn
mimir-7b-books	67.667	0	prompt_3	tatoeba_nno_eng_nn
mimir-7b-books	77.335	0	prompt_1	tatoeba_nno_eng_nn
mimir-7b-rightholders	71.316	0	prompt_2	tatoeba_nno_eng_nn
mimir-7b-rightholders	74.031	0	prompt_1	tatoeba_nno_eng_nn
mimir-7b-rightholders	81.376	0	prompt_0	tatoeba_nno_eng_nn
mimir-7b-rightholders	65.375	0	prompt_3	tatoeba_nno_eng_nn
mimir-7b-untranslated-withnewspapers	71.146	0	prompt_2	tatoeba_nno_eng_nn
mimir-7b-untranslated-withnewspapers	65.681	0	prompt_3	tatoeba_nno_eng_nn
mimir-7b-untranslated-withnewspapers	75.128	0	prompt_1	tatoeba_nno_eng_nn
mimir-7b-untranslated-withnewspapers	83.656	0	prompt_0	tatoeba_nno_eng_nn
mimir-7b-untranslated	79.76	0	prompt_0	tatoeba_nno_eng_nn
mimir-7b-untranslated	69.733	0	prompt_3	tatoeba_nno_eng_nn
mimir-7b-untranslated	72.97	0	prompt_2	tatoeba_nno_eng_nn
mimir-7b-untranslated	77.685	0	prompt_1	tatoeba_nno_eng_nn
mimir-7b-translated	77.339	0	prompt_1	tatoeba_nno_eng_nn
mimir-7b-translated	64.799	0	prompt_2	tatoeba_nno_eng_nn
mimir-7b-translated	68.556	0	prompt_3	tatoeba_nno_eng_nn
mimir-7b-translated	80.484	0	prompt_0	tatoeba_nno_eng_nn
mimir-mistral-7b-base	68.122	0	prompt_2	tatoeba_nno_eng_nn
mimir-mistral-7b-base	62.45	0	prompt_3	tatoeba_nno_eng_nn
mimir-mistral-7b-base	59.892	0	prompt_1	tatoeba_nno_eng_nn
mimir-mistral-7b-base	90.133	0	prompt_0	tatoeba_nno_eng_nn
mimir-mistral-7b-extended-scratch	72.671	0	prompt_3	tatoeba_nno_eng_nn
mimir-mistral-7b-extended-scratch	80.374	0	prompt_2	tatoeba_nno_eng_nn
mimir-mistral-7b-extended-scratch	80.1	0	prompt_0	tatoeba_nno_eng_nn
mimir-mistral-7b-extended-scratch	83.67	0	prompt_1	tatoeba_nno_eng_nn
mimir-mistral-7b-base-scratch	79.107	0	prompt_3	tatoeba_eng_nob_nb
mimir-mistral-7b-base-scratch	87.497	0	prompt_0	tatoeba_eng_nob_nb
mimir-mistral-7b-base-scratch	84.933	0	prompt_2	tatoeba_eng_nob_nb
mimir-mistral-7b-base-scratch	71.019	0	prompt_1	tatoeba_eng_nob_nb
mimir-mistral-7b-extended	88.186	0	prompt_0	tatoeba_eng_nob_nb
mimir-mistral-7b-extended	84.251	0	prompt_1	tatoeba_eng_nob_nb
mimir-mistral-7b-extended	85.945	0	prompt_3	tatoeba_eng_nob_nb
mimir-mistral-7b-extended	86.082	0	prompt_2	tatoeba_eng_nob_nb
mimir-7b-fiction	83.829	0	prompt_0	tatoeba_eng_nob_nb
mimir-7b-fiction	82.535	0	prompt_1	tatoeba_eng_nob_nb
mimir-7b-fiction	82.227	0	prompt_3	tatoeba_eng_nob_nb
mimir-7b-fiction	81.793	0	prompt_2	tatoeba_eng_nob_nb
mimir-7b-nonfiction	80.998	0	prompt_2	tatoeba_eng_nob_nb
mimir-7b-nonfiction	85.798	0	prompt_0	tatoeba_eng_nob_nb
mimir-7b-nonfiction	77.201	0	prompt_3	tatoeba_eng_nob_nb
mimir-7b-nonfiction	83.277	0	prompt_1	tatoeba_eng_nob_nb
mimir-7b-factual	85.166	0	prompt_0	tatoeba_eng_nob_nb
mimir-7b-factual	82.475	0	prompt_2	tatoeba_eng_nob_nb
mimir-7b-factual	78.101	0	prompt_3	tatoeba_eng_nob_nb
mimir-7b-factual	84.277	0	prompt_1	tatoeba_eng_nob_nb
mimir-7b-newspapers	83.383	0	prompt_2	tatoeba_eng_nob_nb
mimir-7b-newspapers	81.051	0	prompt_1	tatoeba_eng_nob_nb
mimir-7b-newspapers	91.044	0	prompt_0	tatoeba_eng_nob_nb
mimir-7b-newspapers	72.533	0	prompt_3	tatoeba_eng_nob_nb
mimir-7b-books	80.492	0	prompt_2	tatoeba_eng_nob_nb
mimir-7b-books	84.6	0	prompt_0	tatoeba_eng_nob_nb
mimir-7b-books	77.92	0	prompt_3	tatoeba_eng_nob_nb
mimir-7b-books	82.45	0	prompt_1	tatoeba_eng_nob_nb
mimir-7b-rightholders	85.07	0	prompt_0	tatoeba_eng_nob_nb
mimir-7b-rightholders	82.1	0	prompt_1	tatoeba_eng_nob_nb
mimir-7b-rightholders	78.175	0	prompt_3	tatoeba_eng_nob_nb
mimir-7b-rightholders	81.103	0	prompt_2	tatoeba_eng_nob_nb
mimir-7b-untranslated-withnewspapers	81.82	0	prompt_1	tatoeba_eng_nob_nb
mimir-7b-untranslated-withnewspapers	84.255	0	prompt_0	tatoeba_eng_nob_nb
mimir-7b-untranslated-withnewspapers	80.502	0	prompt_2	tatoeba_eng_nob_nb
mimir-7b-untranslated-withnewspapers	77.18	0	prompt_3	tatoeba_eng_nob_nb
mimir-7b-untranslated	81.056	0	prompt_1	tatoeba_eng_nob_nb
mimir-7b-untranslated	77.422	0	prompt_3	tatoeba_eng_nob_nb
mimir-7b-untranslated	79.141	0	prompt_2	tatoeba_eng_nob_nb
mimir-7b-untranslated	85.191	0	prompt_0	tatoeba_eng_nob_nb
mimir-7b-translated	83.378	0	prompt_1	tatoeba_eng_nob_nb
mimir-7b-translated	85.17	0	prompt_0	tatoeba_eng_nob_nb
mimir-7b-translated	79.695	0	prompt_3	tatoeba_eng_nob_nb
mimir-7b-translated	80.025	0	prompt_2	tatoeba_eng_nob_nb
mimir-mistral-7b-base	83.118	0	prompt_0	tatoeba_eng_nob_nb
mimir-mistral-7b-base	67.146	0	prompt_1	tatoeba_eng_nob_nb
mimir-mistral-7b-base	82.076	0	prompt_3	tatoeba_eng_nob_nb
mimir-mistral-7b-base	69.625	0	prompt_2	tatoeba_eng_nob_nb
mimir-mistral-7b-extended-scratch	88.337	0	prompt_0	tatoeba_eng_nob_nb
mimir-mistral-7b-extended-scratch	81.111	0	prompt_3	tatoeba_eng_nob_nb
mimir-mistral-7b-extended-scratch	77.706	0	prompt_2	tatoeba_eng_nob_nb
mimir-mistral-7b-extended-scratch	79.214	0	prompt_1	tatoeba_eng_nob_nb
mimir-mistral-7b-base-scratch	78.398	0	prompt_2	tatoeba_nob_eng_nb
mimir-mistral-7b-base-scratch	73.732	0	prompt_1	tatoeba_nob_eng_nb
mimir-mistral-7b-base-scratch	68.619	0	prompt_3	tatoeba_nob_eng_nb
mimir-mistral-7b-base-scratch	86.206	0	prompt_0	tatoeba_nob_eng_nb
mimir-mistral-7b-extended	84.584	0	prompt_0	tatoeba_nob_eng_nb
mimir-mistral-7b-extended	81.703	0	prompt_1	tatoeba_nob_eng_nb
mimir-mistral-7b-extended	77.012	0	prompt_2	tatoeba_nob_eng_nb
mimir-mistral-7b-extended	71.634	0	prompt_3	tatoeba_nob_eng_nb
mimir-7b-fiction	79.822	0	prompt_0	tatoeba_nob_eng_nb
mimir-7b-fiction	79.94	0	prompt_1	tatoeba_nob_eng_nb
mimir-7b-fiction	78.547	0	prompt_2	tatoeba_nob_eng_nb
mimir-7b-fiction	68.239	0	prompt_3	tatoeba_nob_eng_nb
mimir-7b-nonfiction	81.058	0	prompt_0	tatoeba_nob_eng_nb
mimir-7b-nonfiction	64.843	0	prompt_3	tatoeba_nob_eng_nb
mimir-7b-nonfiction	79.879	0	prompt_1	tatoeba_nob_eng_nb
mimir-7b-nonfiction	78.048	0	prompt_2	tatoeba_nob_eng_nb
mimir-7b-factual	79.499	0	prompt_1	tatoeba_nob_eng_nb
mimir-7b-factual	65.643	0	prompt_3	tatoeba_nob_eng_nb
mimir-7b-factual	77.991	0	prompt_2	tatoeba_nob_eng_nb
mimir-7b-factual	83.655	0	prompt_0	tatoeba_nob_eng_nb
mimir-7b-newspapers	90.886	0	prompt_0	tatoeba_nob_eng_nb
mimir-7b-newspapers	67.8	0	prompt_3	tatoeba_nob_eng_nb
mimir-7b-newspapers	82.095	0	prompt_2	tatoeba_nob_eng_nb
mimir-7b-newspapers	84.813	0	prompt_1	tatoeba_nob_eng_nb
mimir-7b-books	81.893	0	prompt_0	tatoeba_nob_eng_nb
mimir-7b-books	68.048	0	prompt_3	tatoeba_nob_eng_nb
mimir-7b-books	80.898	0	prompt_1	tatoeba_nob_eng_nb
mimir-7b-books	78.787	0	prompt_2	tatoeba_nob_eng_nb
mimir-7b-rightholders	84.204	0	prompt_0	tatoeba_nob_eng_nb
mimir-7b-rightholders	67.607	0	prompt_3	tatoeba_nob_eng_nb
mimir-7b-rightholders	79.352	0	prompt_1	tatoeba_nob_eng_nb
mimir-7b-rightholders	77.647	0	prompt_2	tatoeba_nob_eng_nb
mimir-7b-untranslated-withnewspapers	85.828	0	prompt_0	tatoeba_nob_eng_nb
mimir-7b-untranslated-withnewspapers	66.179	0	prompt_3	tatoeba_nob_eng_nb
mimir-7b-untranslated-withnewspapers	75.978	0	prompt_2	tatoeba_nob_eng_nb
mimir-7b-untranslated-withnewspapers	79.253	0	prompt_1	tatoeba_nob_eng_nb
mimir-7b-untranslated	77.437	0	prompt_2	tatoeba_nob_eng_nb
mimir-7b-untranslated	80.884	0	prompt_1	tatoeba_nob_eng_nb
mimir-7b-untranslated	69.291	0	prompt_3	tatoeba_nob_eng_nb
mimir-7b-untranslated	81.381	0	prompt_0	tatoeba_nob_eng_nb
mimir-7b-translated	79.532	0	prompt_1	tatoeba_nob_eng_nb
mimir-7b-translated	77.569	0	prompt_2	tatoeba_nob_eng_nb
mimir-7b-translated	82.015	0	prompt_0	tatoeba_nob_eng_nb
mimir-7b-translated	69.422	0	prompt_3	tatoeba_nob_eng_nb
mimir-mistral-7b-base	59.018	0	prompt_1	tatoeba_nob_eng_nb
mimir-mistral-7b-base	86.77	0	prompt_0	tatoeba_nob_eng_nb
mimir-mistral-7b-base	58.824	0	prompt_2	tatoeba_nob_eng_nb
mimir-mistral-7b-base	62.231	0	prompt_3	tatoeba_nob_eng_nb
mimir-mistral-7b-extended-scratch	72.789	0	prompt_3	tatoeba_nob_eng_nb
mimir-mistral-7b-extended-scratch	83.427	0	prompt_0	tatoeba_nob_eng_nb
mimir-mistral-7b-extended-scratch	78.036	0	prompt_1	tatoeba_nob_eng_nb
mimir-mistral-7b-extended-scratch	81.179	0	prompt_2	tatoeba_nob_eng_nb
mimir-mistral-7b-base-scratch	87.02	0	prompt_2	tatoeba_nob_nno_nb
mimir-mistral-7b-base-scratch	87.964	0	prompt_0	tatoeba_nob_nno_nb
mimir-mistral-7b-base-scratch	76.854	0	prompt_3	tatoeba_nob_nno_nb
mimir-mistral-7b-base-scratch	76.423	0	prompt_1	tatoeba_nob_nno_nb
mimir-mistral-7b-extended	91.454	0	prompt_0	tatoeba_nob_nno_nb
mimir-mistral-7b-extended	86.595	0	prompt_3	tatoeba_nob_nno_nb
mimir-mistral-7b-extended	91.066	0	prompt_1	tatoeba_nob_nno_nb
mimir-mistral-7b-extended	89.911	0	prompt_2	tatoeba_nob_nno_nb
mimir-7b-fiction	77.449	0	prompt_3	tatoeba_nob_nno_nb
mimir-7b-fiction	89.501	0	prompt_0	tatoeba_nob_nno_nb
mimir-7b-fiction	82.765	0	prompt_1	tatoeba_nob_nno_nb
mimir-7b-fiction	83.44	0	prompt_2	tatoeba_nob_nno_nb
mimir-7b-nonfiction	91.476	0	prompt_0	tatoeba_nob_nno_nb
mimir-7b-nonfiction	84.712	0	prompt_2	tatoeba_nob_nno_nb
mimir-7b-nonfiction	89.357	0	prompt_1	tatoeba_nob_nno_nb
mimir-7b-nonfiction	72.425	0	prompt_3	tatoeba_nob_nno_nb
mimir-7b-factual	72.877	0	prompt_3	tatoeba_nob_nno_nb
mimir-7b-factual	85.653	0	prompt_2	tatoeba_nob_nno_nb
mimir-7b-factual	86.778	0	prompt_1	tatoeba_nob_nno_nb
mimir-7b-factual	92.748	0	prompt_0	tatoeba_nob_nno_nb
mimir-7b-newspapers	81.716	0	prompt_3	tatoeba_nob_nno_nb
mimir-7b-newspapers	96.657	0	prompt_0	tatoeba_nob_nno_nb
mimir-7b-newspapers	92.701	0	prompt_1	tatoeba_nob_nno_nb
mimir-7b-newspapers	89.064	0	prompt_2	tatoeba_nob_nno_nb
mimir-7b-books	91.814	0	prompt_0	tatoeba_nob_nno_nb
mimir-7b-books	89.415	0	prompt_1	tatoeba_nob_nno_nb
mimir-7b-books	83.794	0	prompt_2	tatoeba_nob_nno_nb
mimir-7b-books	75.284	0	prompt_3	tatoeba_nob_nno_nb
mimir-7b-rightholders	93.632	0	prompt_0	tatoeba_nob_nno_nb
mimir-7b-rightholders	84.374	0	prompt_2	tatoeba_nob_nno_nb
mimir-7b-rightholders	74.672	0	prompt_3	tatoeba_nob_nno_nb
mimir-7b-rightholders	86.578	0	prompt_1	tatoeba_nob_nno_nb
mimir-7b-untranslated-withnewspapers	86.987	0	prompt_1	tatoeba_nob_nno_nb
mimir-7b-untranslated-withnewspapers	93.789	0	prompt_0	tatoeba_nob_nno_nb
mimir-7b-untranslated-withnewspapers	73.552	0	prompt_3	tatoeba_nob_nno_nb
mimir-7b-untranslated-withnewspapers	84.87	0	prompt_2	tatoeba_nob_nno_nb
mimir-7b-untranslated	90.152	0	prompt_1	tatoeba_nob_nno_nb
mimir-7b-untranslated	73.643	0	prompt_3	tatoeba_nob_nno_nb
mimir-7b-untranslated	85.013	0	prompt_2	tatoeba_nob_nno_nb
mimir-7b-untranslated	92.016	0	prompt_0	tatoeba_nob_nno_nb
mimir-7b-translated	88.515	0	prompt_0	tatoeba_nob_nno_nb
mimir-7b-translated	84.676	0	prompt_1	tatoeba_nob_nno_nb
mimir-7b-translated	72.511	0	prompt_3	tatoeba_nob_nno_nb
mimir-7b-translated	83.557	0	prompt_2	tatoeba_nob_nno_nb
mimir-mistral-7b-base	88.09	0	prompt_3	tatoeba_nob_nno_nb
mimir-mistral-7b-base	69.512	0	prompt_2	tatoeba_nob_nno_nb
mimir-mistral-7b-base	80.196	0	prompt_0	tatoeba_nob_nno_nb
mimir-mistral-7b-base	75.144	0	prompt_1	tatoeba_nob_nno_nb
mimir-mistral-7b-extended-scratch	80.785	0	prompt_3	tatoeba_nob_nno_nb
mimir-mistral-7b-extended-scratch	90.103	0	prompt_0	tatoeba_nob_nno_nb
mimir-mistral-7b-extended-scratch	86.939	0	prompt_1	tatoeba_nob_nno_nb
mimir-mistral-7b-extended-scratch	88.314	0	prompt_2	tatoeba_nob_nno_nb
mimir-mistral-7b-base-scratch	88.162	0	prompt_3	tatoeba_nno_nob_nn
mimir-mistral-7b-base-scratch	86.45	0	prompt_1	tatoeba_nno_nob_nn
mimir-mistral-7b-base-scratch	94.526	0	prompt_0	tatoeba_nno_nob_nn
mimir-mistral-7b-base-scratch	89.433	0	prompt_2	tatoeba_nno_nob_nn
mimir-mistral-7b-extended	87.489	0	prompt_0	tatoeba_nno_nob_nn
mimir-mistral-7b-extended	87.102	0	prompt_2	tatoeba_nno_nob_nn
mimir-mistral-7b-extended	84.491	0	prompt_3	tatoeba_nno_nob_nn
mimir-mistral-7b-extended	86.847	0	prompt_1	tatoeba_nno_nob_nn
mimir-7b-fiction	87.563	0	prompt_1	tatoeba_nno_nob_nn
mimir-7b-fiction	85.256	0	prompt_2	tatoeba_nno_nob_nn
mimir-7b-fiction	82.537	0	prompt_3	tatoeba_nno_nob_nn
mimir-7b-fiction	89.163	0	prompt_0	tatoeba_nno_nob_nn
mimir-7b-nonfiction	85.721	0	prompt_0	tatoeba_nno_nob_nn
mimir-7b-nonfiction	85.842	0	prompt_1	tatoeba_nno_nob_nn
mimir-7b-nonfiction	81.582	0	prompt_3	tatoeba_nno_nob_nn
mimir-7b-nonfiction	85.356	0	prompt_2	tatoeba_nno_nob_nn
mimir-7b-factual	85.116	0	prompt_1	tatoeba_nno_nob_nn
mimir-7b-factual	81.154	0	prompt_3	tatoeba_nno_nob_nn
mimir-7b-factual	93.8	0	prompt_0	tatoeba_nno_nob_nn
mimir-7b-factual	85.043	0	prompt_2	tatoeba_nno_nob_nn
mimir-7b-newspapers	79.908	0	prompt_3	tatoeba_nno_nob_nn
mimir-7b-newspapers	81.68	0	prompt_2	tatoeba_nno_nob_nn
mimir-7b-newspapers	96.083	0	prompt_0	tatoeba_nno_nob_nn
mimir-7b-newspapers	94.012	0	prompt_1	tatoeba_nno_nob_nn
mimir-7b-books	85.636	0	prompt_1	tatoeba_nno_nob_nn
mimir-7b-books	84.648	0	prompt_2	tatoeba_nno_nob_nn
mimir-7b-books	81.247	0	prompt_3	tatoeba_nno_nob_nn
mimir-7b-books	85.78	0	prompt_0	tatoeba_nno_nob_nn
mimir-7b-rightholders	84.96	0	prompt_1	tatoeba_nno_nob_nn
mimir-7b-rightholders	80.208	0	prompt_3	tatoeba_nno_nob_nn
mimir-7b-rightholders	91.697	0	prompt_0	tatoeba_nno_nob_nn
mimir-7b-rightholders	85.107	0	prompt_2	tatoeba_nno_nob_nn
mimir-7b-untranslated-withnewspapers	84.302	0	prompt_1	tatoeba_nno_nob_nn
mimir-7b-untranslated-withnewspapers	77.782	0	prompt_3	tatoeba_nno_nob_nn
mimir-7b-untranslated-withnewspapers	82.766	0	prompt_2	tatoeba_nno_nob_nn
mimir-7b-untranslated-withnewspapers	93.377	0	prompt_0	tatoeba_nno_nob_nn
mimir-7b-untranslated	82.664	0	prompt_2	tatoeba_nno_nob_nn
mimir-7b-untranslated	80.343	0	prompt_3	tatoeba_nno_nob_nn
mimir-7b-untranslated	86.215	0	prompt_0	tatoeba_nno_nob_nn
mimir-7b-untranslated	85.566	0	prompt_1	tatoeba_nno_nob_nn
mimir-7b-translated	82.911	0	prompt_2	tatoeba_nno_nob_nn
mimir-7b-translated	82.333	0	prompt_1	tatoeba_nno_nob_nn
mimir-7b-translated	79.034	0	prompt_3	tatoeba_nno_nob_nn
mimir-7b-translated	85.27	0	prompt_0	tatoeba_nno_nob_nn
mimir-mistral-7b-base	73.021	0	prompt_1	tatoeba_nno_nob_nn
mimir-mistral-7b-base	83.617	0	prompt_3	tatoeba_nno_nob_nn
mimir-mistral-7b-base	84.742	0	prompt_0	tatoeba_nno_nob_nn
mimir-mistral-7b-base	83.694	0	prompt_2	tatoeba_nno_nob_nn
mimir-mistral-7b-extended-scratch	87.927	0	prompt_2	tatoeba_nno_nob_nn
mimir-mistral-7b-extended-scratch	79.027	0	prompt_3	tatoeba_nno_nob_nn
mimir-mistral-7b-extended-scratch	88.005	0	prompt_0	tatoeba_nno_nob_nn
mimir-mistral-7b-extended-scratch	85.024	0	prompt_1	tatoeba_nno_nob_nn
mimir-mistral-7b-base-scratch	90.752	1	prompt_0	tatoeba_eng_nno_nn
mimir-mistral-7b-base-scratch	89.992	1	prompt_2	tatoeba_eng_nno_nn
mimir-mistral-7b-base-scratch	90.612	1	prompt_1	tatoeba_eng_nno_nn
mimir-mistral-7b-base-scratch	89.826	1	prompt_3	tatoeba_eng_nno_nn
mimir-mistral-7b-extended	92.422	1	prompt_0	tatoeba_eng_nno_nn
mimir-mistral-7b-extended	92.057	1	prompt_2	tatoeba_eng_nno_nn
mimir-mistral-7b-extended	92.293	1	prompt_3	tatoeba_eng_nno_nn
mimir-mistral-7b-extended	92.216	1	prompt_1	tatoeba_eng_nno_nn
mimir-7b-fiction	90.235	1	prompt_0	tatoeba_eng_nno_nn
mimir-7b-fiction	87.998	1	prompt_3	tatoeba_eng_nno_nn
mimir-7b-fiction	90.151	1	prompt_1	tatoeba_eng_nno_nn
mimir-7b-fiction	89.359	1	prompt_2	tatoeba_eng_nno_nn
mimir-7b-nonfiction	90.957	1	prompt_0	tatoeba_eng_nno_nn
mimir-7b-nonfiction	89.488	1	prompt_3	tatoeba_eng_nno_nn
mimir-7b-nonfiction	90.863	1	prompt_1	tatoeba_eng_nno_nn
mimir-7b-nonfiction	90.088	1	prompt_2	tatoeba_eng_nno_nn
mimir-7b-factual	91.266	1	prompt_0	tatoeba_eng_nno_nn
mimir-7b-factual	90.827	1	prompt_1	tatoeba_eng_nno_nn
mimir-7b-factual	90.743	1	prompt_2	tatoeba_eng_nno_nn
mimir-7b-factual	89.517	1	prompt_3	tatoeba_eng_nno_nn
mimir-7b-newspapers	89.757	1	prompt_3	tatoeba_eng_nno_nn
mimir-7b-newspapers	90.566	1	prompt_2	tatoeba_eng_nno_nn
mimir-7b-newspapers	90.627	1	prompt_0	tatoeba_eng_nno_nn
mimir-7b-newspapers	90.791	1	prompt_1	tatoeba_eng_nno_nn
mimir-7b-books	89.647	1	prompt_3	tatoeba_eng_nno_nn
mimir-7b-books	90.788	1	prompt_0	tatoeba_eng_nno_nn
mimir-7b-books	90.704	1	prompt_1	tatoeba_eng_nno_nn
mimir-7b-books	90.019	1	prompt_2	tatoeba_eng_nno_nn
mimir-7b-rightholders	89.539	1	prompt_3	tatoeba_eng_nno_nn
mimir-7b-rightholders	90.877	1	prompt_0	tatoeba_eng_nno_nn
mimir-7b-rightholders	90.738	1	prompt_1	tatoeba_eng_nno_nn
mimir-7b-rightholders	90.309	1	prompt_2	tatoeba_eng_nno_nn
mimir-7b-untranslated-withnewspapers	91.185	1	prompt_0	tatoeba_eng_nno_nn
mimir-7b-untranslated-withnewspapers	89.407	1	prompt_3	tatoeba_eng_nno_nn
mimir-7b-untranslated-withnewspapers	91.04	1	prompt_1	tatoeba_eng_nno_nn
mimir-7b-untranslated-withnewspapers	90.429	1	prompt_2	tatoeba_eng_nno_nn
mimir-7b-untranslated	89.247	1	prompt_3	tatoeba_eng_nno_nn
mimir-7b-untranslated	90.063	1	prompt_2	tatoeba_eng_nno_nn
mimir-7b-untranslated	90.781	1	prompt_0	tatoeba_eng_nno_nn
mimir-7b-untranslated	90.949	1	prompt_1	tatoeba_eng_nno_nn
mimir-7b-translated	89.415	1	prompt_2	tatoeba_eng_nno_nn
mimir-7b-translated	88.372	1	prompt_3	tatoeba_eng_nno_nn
mimir-7b-translated	90.158	1	prompt_0	tatoeba_eng_nno_nn
mimir-7b-translated	90.084	1	prompt_1	tatoeba_eng_nno_nn
mimir-mistral-7b-base	92.27	1	prompt_3	tatoeba_eng_nno_nn
mimir-mistral-7b-base	92.33	1	prompt_1	tatoeba_eng_nno_nn
mimir-mistral-7b-base	92.347	1	prompt_2	tatoeba_eng_nno_nn
mimir-mistral-7b-base	92.246	1	prompt_0	tatoeba_eng_nno_nn
mimir-mistral-7b-extended-scratch	91.899	1	prompt_1	tatoeba_eng_nno_nn
mimir-mistral-7b-extended-scratch	91.869	1	prompt_0	tatoeba_eng_nno_nn
mimir-mistral-7b-extended-scratch	91.348	1	prompt_3	tatoeba_eng_nno_nn
mimir-mistral-7b-extended-scratch	91.829	1	prompt_2	tatoeba_eng_nno_nn
mimir-mistral-7b-base-scratch	92.877	1	prompt_0	tatoeba_nno_eng_nn
mimir-mistral-7b-base-scratch	91.967	1	prompt_3	tatoeba_nno_eng_nn
mimir-mistral-7b-base-scratch	93.06	1	prompt_1	tatoeba_nno_eng_nn
mimir-mistral-7b-base-scratch	93.026	1	prompt_2	tatoeba_nno_eng_nn
mimir-mistral-7b-extended	94.111	1	prompt_3	tatoeba_nno_eng_nn
mimir-mistral-7b-extended	94.184	1	prompt_1	tatoeba_nno_eng_nn
mimir-mistral-7b-extended	94.211	1	prompt_2	tatoeba_nno_eng_nn
mimir-mistral-7b-extended	94.349	1	prompt_0	tatoeba_nno_eng_nn
mimir-7b-fiction	90.611	1	prompt_0	tatoeba_nno_eng_nn
mimir-7b-fiction	92.567	1	prompt_1	tatoeba_nno_eng_nn
mimir-7b-fiction	90.682	1	prompt_3	tatoeba_nno_eng_nn
mimir-7b-fiction	91.031	1	prompt_2	tatoeba_nno_eng_nn
mimir-7b-nonfiction	91.077	1	prompt_0	tatoeba_nno_eng_nn
mimir-7b-nonfiction	92.847	1	prompt_2	tatoeba_nno_eng_nn
mimir-7b-nonfiction	92.947	1	prompt_1	tatoeba_nno_eng_nn
mimir-7b-nonfiction	90.504	1	prompt_3	tatoeba_nno_eng_nn
mimir-7b-factual	92.865	1	prompt_1	tatoeba_nno_eng_nn
mimir-7b-factual	92.791	1	prompt_2	tatoeba_nno_eng_nn
mimir-7b-factual	90.87	1	prompt_3	tatoeba_nno_eng_nn
mimir-7b-factual	91.186	1	prompt_0	tatoeba_nno_eng_nn
mimir-7b-newspapers	91.542	1	prompt_3	tatoeba_nno_eng_nn
mimir-7b-newspapers	92.849	1	prompt_1	tatoeba_nno_eng_nn
mimir-7b-newspapers	92.56	1	prompt_0	tatoeba_nno_eng_nn
mimir-7b-newspapers	92.525	1	prompt_2	tatoeba_nno_eng_nn
mimir-7b-books	90.777	1	prompt_3	tatoeba_nno_eng_nn
mimir-7b-books	92.088	1	prompt_2	tatoeba_nno_eng_nn
mimir-7b-books	90.439	1	prompt_0	tatoeba_nno_eng_nn
mimir-7b-books	92.995	1	prompt_1	tatoeba_nno_eng_nn
mimir-7b-rightholders	90.743	1	prompt_3	tatoeba_nno_eng_nn
mimir-7b-rightholders	93.149	1	prompt_1	tatoeba_nno_eng_nn
mimir-7b-rightholders	91.069	1	prompt_0	tatoeba_nno_eng_nn
mimir-7b-rightholders	91.819	1	prompt_2	tatoeba_nno_eng_nn
mimir-7b-untranslated-withnewspapers	90.995	1	prompt_3	tatoeba_nno_eng_nn
mimir-7b-untranslated-withnewspapers	91.345	1	prompt_0	tatoeba_nno_eng_nn
mimir-7b-untranslated-withnewspapers	93.034	1	prompt_1	tatoeba_nno_eng_nn
mimir-7b-untranslated-withnewspapers	92.121	1	prompt_2	tatoeba_nno_eng_nn
mimir-7b-untranslated	92.583	1	prompt_2	tatoeba_nno_eng_nn
mimir-7b-untranslated	90.437	1	prompt_0	tatoeba_nno_eng_nn
mimir-7b-untranslated	90.75	1	prompt_3	tatoeba_nno_eng_nn
mimir-7b-untranslated	92.985	1	prompt_1	tatoeba_nno_eng_nn
mimir-7b-translated	90.532	1	prompt_0	tatoeba_nno_eng_nn
mimir-7b-translated	90.425	1	prompt_3	tatoeba_nno_eng_nn
mimir-7b-translated	91.139	1	prompt_2	tatoeba_nno_eng_nn
mimir-7b-translated	92.498	1	prompt_1	tatoeba_nno_eng_nn
mimir-mistral-7b-base	94.269	1	prompt_0	tatoeba_nno_eng_nn
mimir-mistral-7b-base	94.24	1	prompt_2	tatoeba_nno_eng_nn
mimir-mistral-7b-base	94.057	1	prompt_3	tatoeba_nno_eng_nn
mimir-mistral-7b-base	94.243	1	prompt_1	tatoeba_nno_eng_nn
mimir-mistral-7b-extended-scratch	93.537	1	prompt_1	tatoeba_nno_eng_nn
mimir-mistral-7b-extended-scratch	93.533	1	prompt_2	tatoeba_nno_eng_nn
mimir-mistral-7b-extended-scratch	93.182	1	prompt_3	tatoeba_nno_eng_nn
mimir-mistral-7b-extended-scratch	93.402	1	prompt_0	tatoeba_nno_eng_nn
mimir-mistral-7b-base-scratch	91.411	1	prompt_0	tatoeba_eng_nob_nb
mimir-mistral-7b-base-scratch	92.168	1	prompt_2	tatoeba_eng_nob_nb
mimir-mistral-7b-base-scratch	92.313	1	prompt_1	tatoeba_eng_nob_nb
mimir-mistral-7b-base-scratch	91.792	1	prompt_3	tatoeba_eng_nob_nb
mimir-mistral-7b-extended	94.358	1	prompt_1	tatoeba_eng_nob_nb
mimir-mistral-7b-extended	94.324	1	prompt_2	tatoeba_eng_nob_nb
mimir-mistral-7b-extended	94.293	1	prompt_0	tatoeba_eng_nob_nb
mimir-mistral-7b-extended	94.216	1	prompt_3	tatoeba_eng_nob_nb
mimir-7b-fiction	92.749	1	prompt_1	tatoeba_eng_nob_nb
mimir-7b-fiction	91.462	1	prompt_3	tatoeba_eng_nob_nb
mimir-7b-fiction	92.674	1	prompt_2	tatoeba_eng_nob_nb
mimir-7b-fiction	91.689	1	prompt_0	tatoeba_eng_nob_nb
mimir-7b-nonfiction	91.216	1	prompt_3	tatoeba_eng_nob_nb
mimir-7b-nonfiction	92.097	1	prompt_0	tatoeba_eng_nob_nb
mimir-7b-nonfiction	93.105	1	prompt_2	tatoeba_eng_nob_nb
mimir-7b-nonfiction	93.136	1	prompt_1	tatoeba_eng_nob_nb
mimir-7b-factual	92.535	1	prompt_0	tatoeba_eng_nob_nb
mimir-7b-factual	91.702	1	prompt_3	tatoeba_eng_nob_nb
mimir-7b-factual	93.188	1	prompt_2	tatoeba_eng_nob_nb
mimir-7b-factual	93.135	1	prompt_1	tatoeba_eng_nob_nb
mimir-7b-newspapers	92.656	1	prompt_1	tatoeba_eng_nob_nb
mimir-7b-newspapers	92.492	1	prompt_3	tatoeba_eng_nob_nb
mimir-7b-newspapers	92.65	1	prompt_0	tatoeba_eng_nob_nb
mimir-7b-newspapers	93.023	1	prompt_2	tatoeba_eng_nob_nb
mimir-7b-books	91.642	1	prompt_3	tatoeba_eng_nob_nb
mimir-7b-books	92.543	1	prompt_0	tatoeba_eng_nob_nb
mimir-7b-books	93.151	1	prompt_1	tatoeba_eng_nob_nb
mimir-7b-books	93.087	1	prompt_2	tatoeba_eng_nob_nb
mimir-7b-rightholders	92.066	1	prompt_3	tatoeba_eng_nob_nb
mimir-7b-rightholders	93.233	1	prompt_1	tatoeba_eng_nob_nb
mimir-7b-rightholders	92.904	1	prompt_0	tatoeba_eng_nob_nb
mimir-7b-rightholders	93.132	1	prompt_2	tatoeba_eng_nob_nb
mimir-7b-untranslated-withnewspapers	93.026	1	prompt_2	tatoeba_eng_nob_nb
mimir-7b-untranslated-withnewspapers	92.514	1	prompt_0	tatoeba_eng_nob_nb
mimir-7b-untranslated-withnewspapers	93.095	1	prompt_1	tatoeba_eng_nob_nb
mimir-7b-untranslated-withnewspapers	91.84	1	prompt_3	tatoeba_eng_nob_nb
mimir-7b-untranslated	92.532	1	prompt_0	tatoeba_eng_nob_nb
mimir-7b-untranslated	93.067	1	prompt_2	tatoeba_eng_nob_nb
mimir-7b-untranslated	93.096	1	prompt_1	tatoeba_eng_nob_nb
mimir-7b-untranslated	91.589	1	prompt_3	tatoeba_eng_nob_nb
mimir-7b-translated	92.943	1	prompt_1	tatoeba_eng_nob_nb
mimir-7b-translated	92.52	1	prompt_0	tatoeba_eng_nob_nb
mimir-7b-translated	91.705	1	prompt_3	tatoeba_eng_nob_nb
mimir-7b-translated	92.662	1	prompt_2	tatoeba_eng_nob_nb
mimir-mistral-7b-base	94.225	1	prompt_0	tatoeba_eng_nob_nb
mimir-mistral-7b-base	94.185	1	prompt_2	tatoeba_eng_nob_nb
mimir-mistral-7b-base	94.168	1	prompt_1	tatoeba_eng_nob_nb
mimir-mistral-7b-base	94.107	1	prompt_3	tatoeba_eng_nob_nb
mimir-mistral-7b-extended-scratch	93.675	1	prompt_1	tatoeba_eng_nob_nb
mimir-mistral-7b-extended-scratch	93.477	1	prompt_2	tatoeba_eng_nob_nb
mimir-mistral-7b-extended-scratch	93.325	1	prompt_3	tatoeba_eng_nob_nb
mimir-mistral-7b-extended-scratch	93.395	1	prompt_0	tatoeba_eng_nob_nb
mimir-mistral-7b-base-scratch	93.188	1	prompt_0	tatoeba_nob_eng_nb
mimir-mistral-7b-base-scratch	93.499	1	prompt_1	tatoeba_nob_eng_nb
mimir-mistral-7b-base-scratch	92.761	1	prompt_3	tatoeba_nob_eng_nb
mimir-mistral-7b-base-scratch	93.511	1	prompt_2	tatoeba_nob_eng_nb
mimir-mistral-7b-extended	94.686	1	prompt_1	tatoeba_nob_eng_nb
mimir-mistral-7b-extended	94.724	1	prompt_0	tatoeba_nob_eng_nb
mimir-mistral-7b-extended	94.67	1	prompt_2	tatoeba_nob_eng_nb
mimir-mistral-7b-extended	94.54	1	prompt_3	tatoeba_nob_eng_nb
mimir-7b-fiction	93.042	1	prompt_1	tatoeba_nob_eng_nb
mimir-7b-fiction	92.299	1	prompt_0	tatoeba_nob_eng_nb
mimir-7b-fiction	91.865	1	prompt_3	tatoeba_nob_eng_nb
mimir-7b-fiction	92.977	1	prompt_2	tatoeba_nob_eng_nb
mimir-7b-nonfiction	93.267	1	prompt_0	tatoeba_nob_eng_nb
mimir-7b-nonfiction	90.876	1	prompt_3	tatoeba_nob_eng_nb
mimir-7b-nonfiction	93.431	1	prompt_1	tatoeba_nob_eng_nb
mimir-7b-nonfiction	93.226	1	prompt_2	tatoeba_nob_eng_nb
mimir-7b-factual	93.371	1	prompt_0	tatoeba_nob_eng_nb
mimir-7b-factual	93.4	1	prompt_1	tatoeba_nob_eng_nb
mimir-7b-factual	91.457	1	prompt_3	tatoeba_nob_eng_nb
mimir-7b-factual	93.209	1	prompt_2	tatoeba_nob_eng_nb
mimir-7b-newspapers	93.398	1	prompt_0	tatoeba_nob_eng_nb
mimir-7b-newspapers	93.202	1	prompt_2	tatoeba_nob_eng_nb
mimir-7b-newspapers	92.937	1	prompt_3	tatoeba_nob_eng_nb
mimir-7b-newspapers	93.163	1	prompt_1	tatoeba_nob_eng_nb
mimir-7b-books	93.557	1	prompt_1	tatoeba_nob_eng_nb
mimir-7b-books	91.886	1	prompt_3	tatoeba_nob_eng_nb
mimir-7b-books	93.488	1	prompt_0	tatoeba_nob_eng_nb
mimir-7b-books	93.307	1	prompt_2	tatoeba_nob_eng_nb
mimir-7b-rightholders	93.511	1	prompt_0	tatoeba_nob_eng_nb
mimir-7b-rightholders	92.258	1	prompt_3	tatoeba_nob_eng_nb
mimir-7b-rightholders	93.336	1	prompt_2	tatoeba_nob_eng_nb
mimir-7b-rightholders	93.508	1	prompt_1	tatoeba_nob_eng_nb
mimir-7b-untranslated-withnewspapers	91.759	1	prompt_3	tatoeba_nob_eng_nb
mimir-7b-untranslated-withnewspapers	93.235	1	prompt_2	tatoeba_nob_eng_nb
mimir-7b-untranslated-withnewspapers	93.481	1	prompt_0	tatoeba_nob_eng_nb
mimir-7b-untranslated-withnewspapers	93.43	1	prompt_1	tatoeba_nob_eng_nb
mimir-7b-untranslated	93.525	1	prompt_1	tatoeba_nob_eng_nb
mimir-7b-untranslated	93.397	1	prompt_0	tatoeba_nob_eng_nb
mimir-7b-untranslated	93.286	1	prompt_2	tatoeba_nob_eng_nb
mimir-7b-untranslated	91.922	1	prompt_3	tatoeba_nob_eng_nb
mimir-7b-translated	93.132	1	prompt_1	tatoeba_nob_eng_nb
mimir-7b-translated	90.996	1	prompt_3	tatoeba_nob_eng_nb
mimir-7b-translated	92.822	1	prompt_2	tatoeba_nob_eng_nb
mimir-7b-translated	92.951	1	prompt_0	tatoeba_nob_eng_nb
mimir-mistral-7b-base	94.616	1	prompt_2	tatoeba_nob_eng_nb
mimir-mistral-7b-base	94.542	1	prompt_0	tatoeba_nob_eng_nb
mimir-mistral-7b-base	94.632	1	prompt_1	tatoeba_nob_eng_nb
mimir-mistral-7b-base	94.51	1	prompt_3	tatoeba_nob_eng_nb
mimir-mistral-7b-extended-scratch	93.86	1	prompt_2	tatoeba_nob_eng_nb
mimir-mistral-7b-extended-scratch	93.88	1	prompt_0	tatoeba_nob_eng_nb
mimir-mistral-7b-extended-scratch	94.014	1	prompt_1	tatoeba_nob_eng_nb
mimir-mistral-7b-extended-scratch	93.582	1	prompt_3	tatoeba_nob_eng_nb
mimir-mistral-7b-base-scratch	91.176	4	prompt_3	tatoeba_eng_nno_nn
mimir-mistral-7b-base-scratch	91.058	4	prompt_0	tatoeba_eng_nno_nn
mimir-mistral-7b-base-scratch	91.002	4	prompt_1	tatoeba_eng_nno_nn
mimir-mistral-7b-base-scratch	91.15	4	prompt_2	tatoeba_eng_nno_nn
mimir-mistral-7b-extended	92.078	4	prompt_3	tatoeba_eng_nno_nn
mimir-mistral-7b-extended	92.269	4	prompt_0	tatoeba_eng_nno_nn
mimir-mistral-7b-extended	92.247	4	prompt_2	tatoeba_eng_nno_nn
mimir-mistral-7b-extended	92.26	4	prompt_1	tatoeba_eng_nno_nn
mimir-7b-fiction	90.625	4	prompt_3	tatoeba_eng_nno_nn
mimir-7b-fiction	90.9	4	prompt_2	tatoeba_eng_nno_nn
mimir-7b-fiction	90.892	4	prompt_1	tatoeba_eng_nno_nn
mimir-7b-fiction	90.792	4	prompt_0	tatoeba_eng_nno_nn
mimir-7b-nonfiction	91.442	4	prompt_0	tatoeba_eng_nno_nn
mimir-7b-nonfiction	91.221	4	prompt_3	tatoeba_eng_nno_nn
mimir-7b-nonfiction	91.322	4	prompt_2	tatoeba_eng_nno_nn
mimir-7b-nonfiction	91.305	4	prompt_1	tatoeba_eng_nno_nn
mimir-7b-factual	91.183	4	prompt_3	tatoeba_eng_nno_nn
mimir-7b-factual	91.297	4	prompt_1	tatoeba_eng_nno_nn
mimir-7b-factual	91.27	4	prompt_2	tatoeba_eng_nno_nn
mimir-7b-factual	91.347	4	prompt_0	tatoeba_eng_nno_nn
mimir-7b-newspapers	91.28	4	prompt_3	tatoeba_eng_nno_nn
mimir-7b-newspapers	91.333	4	prompt_1	tatoeba_eng_nno_nn
mimir-7b-newspapers	91.352	4	prompt_0	tatoeba_eng_nno_nn
mimir-7b-newspapers	91.367	4	prompt_2	tatoeba_eng_nno_nn
mimir-7b-books	91.112	4	prompt_3	tatoeba_eng_nno_nn
mimir-7b-books	91.094	4	prompt_2	tatoeba_eng_nno_nn
mimir-7b-books	91.127	4	prompt_1	tatoeba_eng_nno_nn
mimir-7b-books	91.367	4	prompt_0	tatoeba_eng_nno_nn
mimir-7b-rightholders	91.153	4	prompt_3	tatoeba_eng_nno_nn
mimir-7b-rightholders	91.099	4	prompt_0	tatoeba_eng_nno_nn
mimir-7b-rightholders	91.246	4	prompt_1	tatoeba_eng_nno_nn
mimir-7b-rightholders	91.168	4	prompt_2	tatoeba_eng_nno_nn
mimir-7b-untranslated-withnewspapers	91.362	4	prompt_3	tatoeba_eng_nno_nn
mimir-7b-untranslated-withnewspapers	91.36	4	prompt_0	tatoeba_eng_nno_nn
mimir-7b-untranslated-withnewspapers	91.329	4	prompt_1	tatoeba_eng_nno_nn
mimir-7b-untranslated-withnewspapers	91.272	4	prompt_2	tatoeba_eng_nno_nn
mimir-7b-untranslated	91.423	4	prompt_0	tatoeba_eng_nno_nn
mimir-7b-untranslated	91.356	4	prompt_2	tatoeba_eng_nno_nn
mimir-7b-untranslated	91.317	4	prompt_1	tatoeba_eng_nno_nn
mimir-7b-untranslated	91.153	4	prompt_3	tatoeba_eng_nno_nn
mimir-7b-translated	90.842	4	prompt_1	tatoeba_eng_nno_nn
mimir-7b-translated	90.819	4	prompt_0	tatoeba_eng_nno_nn
mimir-7b-translated	90.944	4	prompt_2	tatoeba_eng_nno_nn
mimir-7b-translated	90.697	4	prompt_3	tatoeba_eng_nno_nn
mimir-mistral-7b-base	92.248	4	prompt_2	tatoeba_eng_nno_nn
mimir-mistral-7b-base	92.229	4	prompt_3	tatoeba_eng_nno_nn
mimir-mistral-7b-base	92.187	4	prompt_1	tatoeba_eng_nno_nn
mimir-mistral-7b-base	92.165	4	prompt_0	tatoeba_eng_nno_nn
mimir-mistral-7b-extended-scratch	91.701	4	prompt_0	tatoeba_eng_nno_nn
mimir-mistral-7b-extended-scratch	91.842	4	prompt_1	tatoeba_eng_nno_nn
mimir-mistral-7b-extended-scratch	91.916	4	prompt_3	tatoeba_eng_nno_nn
mimir-mistral-7b-extended-scratch	91.797	4	prompt_2	tatoeba_eng_nno_nn
mimir-mistral-7b-base-scratch	93.441	4	prompt_1	tatoeba_nno_eng_nn
mimir-mistral-7b-base-scratch	93.236	4	prompt_3	tatoeba_nno_eng_nn
mimir-mistral-7b-base-scratch	93.091	4	prompt_0	tatoeba_nno_eng_nn
mimir-mistral-7b-base-scratch	93.292	4	prompt_2	tatoeba_nno_eng_nn
mimir-mistral-7b-extended	94.409	4	prompt_3	tatoeba_nno_eng_nn
mimir-mistral-7b-extended	94.386	4	prompt_2	tatoeba_nno_eng_nn
mimir-mistral-7b-extended	94.365	4	prompt_1	tatoeba_nno_eng_nn
mimir-mistral-7b-extended	94.351	4	prompt_0	tatoeba_nno_eng_nn
mimir-7b-fiction	93.232	4	prompt_3	tatoeba_nno_eng_nn
mimir-7b-fiction	92.959	4	prompt_2	tatoeba_nno_eng_nn
mimir-7b-fiction	93.25	4	prompt_1	tatoeba_nno_eng_nn
mimir-7b-fiction	92.473	4	prompt_0	tatoeba_nno_eng_nn
mimir-7b-nonfiction	93.378	4	prompt_0	tatoeba_nno_eng_nn
mimir-7b-nonfiction	93.347	4	prompt_2	tatoeba_nno_eng_nn
mimir-7b-nonfiction	93.304	4	prompt_3	tatoeba_nno_eng_nn
mimir-7b-nonfiction	93.24	4	prompt_1	tatoeba_nno_eng_nn
mimir-7b-factual	93.399	4	prompt_2	tatoeba_nno_eng_nn
mimir-7b-factual	93.182	4	prompt_0	tatoeba_nno_eng_nn
mimir-7b-factual	93.306	4	prompt_3	tatoeba_nno_eng_nn
mimir-7b-factual	93.295	4	prompt_1	tatoeba_nno_eng_nn
mimir-7b-newspapers	92.835	4	prompt_3	tatoeba_nno_eng_nn
mimir-7b-newspapers	93.195	4	prompt_2	tatoeba_nno_eng_nn
mimir-7b-newspapers	93.095	4	prompt_0	tatoeba_nno_eng_nn
mimir-7b-newspapers	93.247	4	prompt_1	tatoeba_nno_eng_nn
mimir-7b-books	93.27	4	prompt_3	tatoeba_nno_eng_nn
mimir-7b-books	93.233	4	prompt_0	tatoeba_nno_eng_nn
mimir-7b-books	93.323	4	prompt_1	tatoeba_nno_eng_nn
mimir-7b-books	93.188	4	prompt_2	tatoeba_nno_eng_nn
mimir-7b-rightholders	93.336	4	prompt_2	tatoeba_nno_eng_nn
mimir-7b-rightholders	93.416	4	prompt_1	tatoeba_nno_eng_nn
mimir-7b-rightholders	93.289	4	prompt_0	tatoeba_nno_eng_nn
mimir-7b-rightholders	93.467	4	prompt_3	tatoeba_nno_eng_nn
mimir-7b-untranslated-withnewspapers	93.361	4	prompt_1	tatoeba_nno_eng_nn
mimir-7b-untranslated-withnewspapers	93.387	4	prompt_3	tatoeba_nno_eng_nn
mimir-7b-untranslated-withnewspapers	93.261	4	prompt_0	tatoeba_nno_eng_nn
mimir-7b-untranslated-withnewspapers	93.316	4	prompt_2	tatoeba_nno_eng_nn
mimir-7b-untranslated	93.408	4	prompt_1	tatoeba_nno_eng_nn
mimir-7b-untranslated	93.338	4	prompt_3	tatoeba_nno_eng_nn
mimir-7b-untranslated	93.31	4	prompt_0	tatoeba_nno_eng_nn
mimir-7b-untranslated	93.352	4	prompt_2	tatoeba_nno_eng_nn
mimir-7b-translated	92.593	4	prompt_0	tatoeba_nno_eng_nn
mimir-7b-translated	93.36	4	prompt_3	tatoeba_nno_eng_nn
mimir-7b-translated	93.148	4	prompt_2	tatoeba_nno_eng_nn
mimir-7b-translated	93.269	4	prompt_1	tatoeba_nno_eng_nn
mimir-mistral-7b-base	94.45	4	prompt_3	tatoeba_nno_eng_nn
mimir-mistral-7b-base	94.381	4	prompt_0	tatoeba_nno_eng_nn
mimir-mistral-7b-base	94.375	4	prompt_2	tatoeba_nno_eng_nn
mimir-mistral-7b-base	94.387	4	prompt_1	tatoeba_nno_eng_nn
mimir-mistral-7b-extended-scratch	93.519	4	prompt_3	tatoeba_nno_eng_nn
mimir-mistral-7b-extended-scratch	93.512	4	prompt_2	tatoeba_nno_eng_nn
mimir-mistral-7b-extended-scratch	93.736	4	prompt_1	tatoeba_nno_eng_nn
mimir-mistral-7b-extended-scratch	93.663	4	prompt_0	tatoeba_nno_eng_nn
mimir-mistral-7b-base-scratch	93.38	4	prompt_2	tatoeba_eng_nob_nb
mimir-mistral-7b-base-scratch	93.273	4	prompt_3	tatoeba_eng_nob_nb
mimir-mistral-7b-base-scratch	93.447	4	prompt_1	tatoeba_eng_nob_nb
mimir-mistral-7b-base-scratch	93.39	4	prompt_0	tatoeba_eng_nob_nb
mimir-mistral-7b-extended	94.442	4	prompt_0	tatoeba_eng_nob_nb
mimir-mistral-7b-extended	94.4	4	prompt_3	tatoeba_eng_nob_nb
mimir-mistral-7b-extended	94.432	4	prompt_1	tatoeba_eng_nob_nb
mimir-mistral-7b-extended	94.391	4	prompt_2	tatoeba_eng_nob_nb
mimir-7b-fiction	93.362	4	prompt_2	tatoeba_eng_nob_nb
mimir-7b-fiction	93.402	4	prompt_1	tatoeba_eng_nob_nb
mimir-7b-fiction	93.223	4	prompt_3	tatoeba_eng_nob_nb
mimir-7b-fiction	93.236	4	prompt_0	tatoeba_eng_nob_nb
mimir-7b-nonfiction	93.464	4	prompt_3	tatoeba_eng_nob_nb
mimir-7b-nonfiction	93.595	4	prompt_2	tatoeba_eng_nob_nb
mimir-7b-nonfiction	93.659	4	prompt_1	tatoeba_eng_nob_nb
mimir-7b-nonfiction	93.584	4	prompt_0	tatoeba_eng_nob_nb
mimir-7b-factual	93.588	4	prompt_0	tatoeba_eng_nob_nb
mimir-7b-factual	93.585	4	prompt_2	tatoeba_eng_nob_nb
mimir-7b-factual	93.473	4	prompt_3	tatoeba_eng_nob_nb
mimir-7b-factual	93.656	4	prompt_1	tatoeba_eng_nob_nb
mimir-7b-newspapers	93.435	4	prompt_1	tatoeba_eng_nob_nb
mimir-7b-newspapers	93.262	4	prompt_3	tatoeba_eng_nob_nb
mimir-7b-newspapers	93.345	4	prompt_0	tatoeba_eng_nob_nb
mimir-7b-newspapers	93.48	4	prompt_2	tatoeba_eng_nob_nb
mimir-7b-books	93.649	4	prompt_2	tatoeba_eng_nob_nb
mimir-7b-books	93.64	4	prompt_0	tatoeba_eng_nob_nb
mimir-7b-books	93.716	4	prompt_1	tatoeba_eng_nob_nb
mimir-7b-books	93.494	4	prompt_3	tatoeba_eng_nob_nb
mimir-7b-rightholders	93.622	4	prompt_2	tatoeba_eng_nob_nb
mimir-7b-rightholders	93.726	4	prompt_1	tatoeba_eng_nob_nb
mimir-7b-rightholders	93.649	4	prompt_0	tatoeba_eng_nob_nb
mimir-7b-rightholders	93.506	4	prompt_3	tatoeba_eng_nob_nb
mimir-7b-untranslated-withnewspapers	93.593	4	prompt_2	tatoeba_eng_nob_nb
mimir-7b-untranslated-withnewspapers	93.664	4	prompt_1	tatoeba_eng_nob_nb
mimir-7b-untranslated-withnewspapers	93.431	4	prompt_3	tatoeba_eng_nob_nb
mimir-7b-untranslated-withnewspapers	93.643	4	prompt_0	tatoeba_eng_nob_nb
mimir-7b-untranslated	93.68	4	prompt_1	tatoeba_eng_nob_nb
mimir-7b-untranslated	93.66	4	prompt_0	tatoeba_eng_nob_nb
mimir-7b-untranslated	93.603	4	prompt_2	tatoeba_eng_nob_nb
mimir-7b-untranslated	93.477	4	prompt_3	tatoeba_eng_nob_nb
mimir-7b-translated	93.305	4	prompt_0	tatoeba_eng_nob_nb
mimir-7b-translated	93.5	4	prompt_1	tatoeba_eng_nob_nb
mimir-7b-translated	93.428	4	prompt_2	tatoeba_eng_nob_nb
mimir-7b-translated	93.316	4	prompt_3	tatoeba_eng_nob_nb
mimir-mistral-7b-base	94.319	4	prompt_2	tatoeba_eng_nob_nb
mimir-mistral-7b-base	94.31	4	prompt_1	tatoeba_eng_nob_nb
mimir-mistral-7b-base	94.355	4	prompt_3	tatoeba_eng_nob_nb
mimir-mistral-7b-base	94.322	4	prompt_0	tatoeba_eng_nob_nb
mimir-mistral-7b-extended-scratch	93.87	4	prompt_2	tatoeba_eng_nob_nb
mimir-mistral-7b-extended-scratch	93.903	4	prompt_1	tatoeba_eng_nob_nb
mimir-mistral-7b-extended-scratch	93.933	4	prompt_3	tatoeba_eng_nob_nb
mimir-mistral-7b-extended-scratch	93.914	4	prompt_0	tatoeba_eng_nob_nb
mimir-mistral-7b-base-scratch	93.903	4	prompt_1	tatoeba_nob_eng_nb
mimir-mistral-7b-base-scratch	93.816	4	prompt_3	tatoeba_nob_eng_nb
mimir-mistral-7b-base-scratch	93.799	4	prompt_2	tatoeba_nob_eng_nb
mimir-mistral-7b-base-scratch	93.881	4	prompt_0	tatoeba_nob_eng_nb
mimir-mistral-7b-extended	94.83	4	prompt_0	tatoeba_nob_eng_nb
mimir-mistral-7b-extended	94.855	4	prompt_2	tatoeba_nob_eng_nb
mimir-mistral-7b-extended	94.815	4	prompt_3	tatoeba_nob_eng_nb
mimir-mistral-7b-extended	94.852	4	prompt_1	tatoeba_nob_eng_nb
mimir-7b-fiction	93.61	4	prompt_0	tatoeba_nob_eng_nb
mimir-7b-fiction	93.549	4	prompt_3	tatoeba_nob_eng_nb
mimir-7b-fiction	93.641	4	prompt_2	tatoeba_nob_eng_nb
mimir-7b-fiction	93.665	4	prompt_1	tatoeba_nob_eng_nb
mimir-7b-nonfiction	93.884	4	prompt_3	tatoeba_nob_eng_nb
mimir-7b-nonfiction	93.909	4	prompt_0	tatoeba_nob_eng_nb
mimir-7b-nonfiction	93.966	4	prompt_1	tatoeba_nob_eng_nb
mimir-7b-nonfiction	93.889	4	prompt_2	tatoeba_nob_eng_nb
mimir-7b-factual	93.949	4	prompt_1	tatoeba_nob_eng_nb
mimir-7b-factual	93.865	4	prompt_2	tatoeba_nob_eng_nb
mimir-7b-factual	93.879	4	prompt_3	tatoeba_nob_eng_nb
mimir-7b-factual	93.934	4	prompt_0	tatoeba_nob_eng_nb
mimir-7b-newspapers	93.582	4	prompt_3	tatoeba_nob_eng_nb
mimir-7b-newspapers	93.776	4	prompt_1	tatoeba_nob_eng_nb
mimir-7b-newspapers	93.694	4	prompt_2	tatoeba_nob_eng_nb
mimir-7b-newspapers	93.726	4	prompt_0	tatoeba_nob_eng_nb
mimir-7b-books	93.965	4	prompt_2	tatoeba_nob_eng_nb
mimir-7b-books	93.985	4	prompt_0	tatoeba_nob_eng_nb
mimir-7b-books	94.056	4	prompt_1	tatoeba_nob_eng_nb
mimir-7b-books	93.954	4	prompt_3	tatoeba_nob_eng_nb
mimir-7b-rightholders	93.981	4	prompt_0	tatoeba_nob_eng_nb
mimir-7b-rightholders	93.938	4	prompt_3	tatoeba_nob_eng_nb
mimir-7b-rightholders	93.968	4	prompt_2	tatoeba_nob_eng_nb
mimir-7b-rightholders	94.063	4	prompt_1	tatoeba_nob_eng_nb
mimir-7b-untranslated-withnewspapers	93.943	4	prompt_2	tatoeba_nob_eng_nb
mimir-7b-untranslated-withnewspapers	93.977	4	prompt_1	tatoeba_nob_eng_nb
mimir-7b-untranslated-withnewspapers	93.977	4	prompt_0	tatoeba_nob_eng_nb
mimir-7b-untranslated-withnewspapers	93.908	4	prompt_3	tatoeba_nob_eng_nb
mimir-7b-untranslated	94.03	4	prompt_1	tatoeba_nob_eng_nb
mimir-7b-untranslated	93.945	4	prompt_0	tatoeba_nob_eng_nb
mimir-7b-untranslated	93.919	4	prompt_3	tatoeba_nob_eng_nb
mimir-7b-untranslated	93.953	4	prompt_2	tatoeba_nob_eng_nb
mimir-7b-translated	93.614	4	prompt_0	tatoeba_nob_eng_nb
mimir-7b-translated	93.629	4	prompt_3	tatoeba_nob_eng_nb
mimir-7b-translated	93.663	4	prompt_1	tatoeba_nob_eng_nb
mimir-7b-translated	93.606	4	prompt_2	tatoeba_nob_eng_nb
mimir-mistral-7b-base	94.692	4	prompt_0	tatoeba_nob_eng_nb
mimir-mistral-7b-base	94.726	4	prompt_1	tatoeba_nob_eng_nb
mimir-mistral-7b-base	94.697	4	prompt_2	tatoeba_nob_eng_nb
mimir-mistral-7b-base	94.681	4	prompt_3	tatoeba_nob_eng_nb
mimir-mistral-7b-extended-scratch	94.204	4	prompt_2	tatoeba_nob_eng_nb
mimir-mistral-7b-extended-scratch	94.233	4	prompt_1	tatoeba_nob_eng_nb
mimir-mistral-7b-extended-scratch	94.191	4	prompt_0	tatoeba_nob_eng_nb
mimir-mistral-7b-extended-scratch	94.197	4	prompt_3	tatoeba_nob_eng_nb
mimir-mistral-7b-base-scratch	91.318	16	prompt_3	tatoeba_eng_nno_nn
mimir-mistral-7b-base-scratch	91.37	16	prompt_2	tatoeba_eng_nno_nn
mimir-mistral-7b-base-scratch	91.456	16	prompt_0	tatoeba_eng_nno_nn
mimir-mistral-7b-base-scratch	91.416	16	prompt_1	tatoeba_eng_nno_nn
mimir-mistral-7b-extended	92.277	16	prompt_2	tatoeba_eng_nno_nn
mimir-mistral-7b-extended	92.467	16	prompt_1	tatoeba_eng_nno_nn
mimir-mistral-7b-extended	92.262	16	prompt_3	tatoeba_eng_nno_nn
mimir-mistral-7b-extended	92.337	16	prompt_0	tatoeba_eng_nno_nn
mimir-7b-fiction	91.036	16	prompt_3	tatoeba_eng_nno_nn
mimir-7b-fiction	91.053	16	prompt_0	tatoeba_eng_nno_nn
mimir-7b-fiction	91.085	16	prompt_1	tatoeba_eng_nno_nn
mimir-7b-fiction	91.165	16	prompt_2	tatoeba_eng_nno_nn
mimir-7b-nonfiction	91.409	16	prompt_3	tatoeba_eng_nno_nn
mimir-7b-nonfiction	91.785	16	prompt_0	tatoeba_eng_nno_nn
mimir-7b-nonfiction	91.647	16	prompt_2	tatoeba_eng_nno_nn
mimir-7b-nonfiction	91.667	16	prompt_1	tatoeba_eng_nno_nn
mimir-7b-factual	91.672	16	prompt_1	tatoeba_eng_nno_nn
mimir-7b-factual	91.481	16	prompt_3	tatoeba_eng_nno_nn
mimir-7b-factual	91.672	16	prompt_2	tatoeba_eng_nno_nn
mimir-7b-factual	91.763	16	prompt_0	tatoeba_eng_nno_nn
mimir-7b-newspapers	91.388	16	prompt_1	tatoeba_eng_nno_nn
mimir-7b-newspapers	91.461	16	prompt_2	tatoeba_eng_nno_nn
mimir-7b-newspapers	91.397	16	prompt_3	tatoeba_eng_nno_nn
mimir-7b-newspapers	91.477	16	prompt_0	tatoeba_eng_nno_nn
mimir-7b-books	91.349	16	prompt_2	tatoeba_eng_nno_nn
mimir-7b-books	91.542	16	prompt_0	tatoeba_eng_nno_nn
mimir-7b-books	91.214	16	prompt_3	tatoeba_eng_nno_nn
mimir-7b-books	91.375	16	prompt_1	tatoeba_eng_nno_nn
mimir-7b-rightholders	91.56	16	prompt_2	tatoeba_eng_nno_nn
mimir-7b-rightholders	91.497	16	prompt_1	tatoeba_eng_nno_nn
mimir-7b-rightholders	91.302	16	prompt_3	tatoeba_eng_nno_nn
mimir-7b-rightholders	91.735	16	prompt_0	tatoeba_eng_nno_nn
mimir-7b-untranslated-withnewspapers	91.458	16	prompt_3	tatoeba_eng_nno_nn
mimir-7b-untranslated-withnewspapers	91.539	16	prompt_1	tatoeba_eng_nno_nn
mimir-7b-untranslated-withnewspapers	91.561	16	prompt_0	tatoeba_eng_nno_nn
mimir-7b-untranslated-withnewspapers	91.457	16	prompt_2	tatoeba_eng_nno_nn
mimir-7b-untranslated	91.452	16	prompt_3	tatoeba_eng_nno_nn
mimir-7b-untranslated	91.796	16	prompt_0	tatoeba_eng_nno_nn
mimir-7b-untranslated	91.711	16	prompt_1	tatoeba_eng_nno_nn
mimir-7b-untranslated	91.591	16	prompt_2	tatoeba_eng_nno_nn
mimir-7b-translated	91.038	16	prompt_3	tatoeba_eng_nno_nn
mimir-7b-translated	91.096	16	prompt_0	tatoeba_eng_nno_nn
mimir-7b-translated	91.275	16	prompt_2	tatoeba_eng_nno_nn
mimir-7b-translated	91.231	16	prompt_1	tatoeba_eng_nno_nn
mimir-mistral-7b-base	92.777	16	prompt_0	tatoeba_eng_nno_nn
mimir-mistral-7b-base	92.604	16	prompt_1	tatoeba_eng_nno_nn
mimir-mistral-7b-base	92.467	16	prompt_3	tatoeba_eng_nno_nn
mimir-mistral-7b-base	92.54	16	prompt_2	tatoeba_eng_nno_nn
mimir-mistral-7b-extended-scratch	91.902	16	prompt_2	tatoeba_eng_nno_nn
mimir-mistral-7b-extended-scratch	91.919	16	prompt_0	tatoeba_eng_nno_nn
mimir-mistral-7b-extended-scratch	91.979	16	prompt_3	tatoeba_eng_nno_nn
mimir-mistral-7b-extended-scratch	91.888	16	prompt_1	tatoeba_eng_nno_nn
mimir-mistral-7b-base-scratch	93.68	16	prompt_0	tatoeba_nno_eng_nn
mimir-mistral-7b-base-scratch	93.581	16	prompt_3	tatoeba_nno_eng_nn
mimir-mistral-7b-base-scratch	93.68	16	prompt_1	tatoeba_nno_eng_nn
mimir-mistral-7b-base-scratch	93.546	16	prompt_2	tatoeba_nno_eng_nn
mimir-mistral-7b-extended	94.569	16	prompt_1	tatoeba_nno_eng_nn
mimir-mistral-7b-extended	94.519	16	prompt_3	tatoeba_nno_eng_nn
mimir-mistral-7b-extended	94.539	16	prompt_0	tatoeba_nno_eng_nn
mimir-mistral-7b-extended	94.448	16	prompt_2	tatoeba_nno_eng_nn
mimir-7b-fiction	93.538	16	prompt_2	tatoeba_nno_eng_nn
mimir-7b-fiction	93.339	16	prompt_3	tatoeba_nno_eng_nn
mimir-7b-fiction	93.416	16	prompt_1	tatoeba_nno_eng_nn
mimir-7b-fiction	93.573	16	prompt_0	tatoeba_nno_eng_nn
mimir-7b-nonfiction	93.574	16	prompt_0	tatoeba_nno_eng_nn
mimir-7b-nonfiction	93.618	16	prompt_1	tatoeba_nno_eng_nn
mimir-7b-nonfiction	93.608	16	prompt_3	tatoeba_nno_eng_nn
mimir-7b-nonfiction	93.626	16	prompt_2	tatoeba_nno_eng_nn
mimir-7b-factual	93.561	16	prompt_1	tatoeba_nno_eng_nn
mimir-7b-factual	93.642	16	prompt_0	tatoeba_nno_eng_nn
mimir-7b-factual	93.478	16	prompt_3	tatoeba_nno_eng_nn
mimir-7b-factual	93.534	16	prompt_2	tatoeba_nno_eng_nn
mimir-7b-newspapers	93.335	16	prompt_3	tatoeba_nno_eng_nn
mimir-7b-newspapers	93.252	16	prompt_0	tatoeba_nno_eng_nn
mimir-7b-newspapers	93.58	16	prompt_1	tatoeba_nno_eng_nn
mimir-7b-newspapers	93.329	16	prompt_2	tatoeba_nno_eng_nn
mimir-7b-books	93.655	16	prompt_1	tatoeba_nno_eng_nn
mimir-7b-books	93.526	16	prompt_3	tatoeba_nno_eng_nn
mimir-7b-books	93.603	16	prompt_2	tatoeba_nno_eng_nn
mimir-7b-books	93.733	16	prompt_0	tatoeba_nno_eng_nn
mimir-7b-rightholders	93.63	16	prompt_2	tatoeba_nno_eng_nn
mimir-7b-rightholders	93.678	16	prompt_1	tatoeba_nno_eng_nn
mimir-7b-rightholders	93.694	16	prompt_0	tatoeba_nno_eng_nn
mimir-7b-rightholders	93.562	16	prompt_3	tatoeba_nno_eng_nn
mimir-7b-untranslated-withnewspapers	93.659	16	prompt_1	tatoeba_nno_eng_nn
mimir-7b-untranslated-withnewspapers	93.732	16	prompt_0	tatoeba_nno_eng_nn
mimir-7b-untranslated-withnewspapers	93.526	16	prompt_3	tatoeba_nno_eng_nn
mimir-7b-untranslated-withnewspapers	93.617	16	prompt_2	tatoeba_nno_eng_nn
mimir-7b-untranslated	93.702	16	prompt_1	tatoeba_nno_eng_nn
mimir-7b-untranslated	93.601	16	prompt_2	tatoeba_nno_eng_nn
mimir-7b-untranslated	93.715	16	prompt_0	tatoeba_nno_eng_nn
mimir-7b-untranslated	93.435	16	prompt_3	tatoeba_nno_eng_nn
mimir-7b-translated	93.234	16	prompt_1	tatoeba_nno_eng_nn
mimir-7b-translated	93.083	16	prompt_0	tatoeba_nno_eng_nn
mimir-7b-translated	93.089	16	prompt_2	tatoeba_nno_eng_nn
mimir-7b-translated	93.29	16	prompt_3	tatoeba_nno_eng_nn
mimir-mistral-7b-base	94.546	16	prompt_0	tatoeba_nno_eng_nn
mimir-mistral-7b-base	94.612	16	prompt_2	tatoeba_nno_eng_nn
mimir-mistral-7b-base	94.629	16	prompt_1	tatoeba_nno_eng_nn
mimir-mistral-7b-base	94.613	16	prompt_3	tatoeba_nno_eng_nn
mimir-mistral-7b-extended-scratch	94.087	16	prompt_0	tatoeba_nno_eng_nn
mimir-mistral-7b-extended-scratch	94.026	16	prompt_1	tatoeba_nno_eng_nn
mimir-mistral-7b-extended-scratch	94.068	16	prompt_2	tatoeba_nno_eng_nn
mimir-mistral-7b-extended-scratch	93.976	16	prompt_3	tatoeba_nno_eng_nn
mimir-mistral-7b-base-scratch	93.487	16	prompt_0	tatoeba_eng_nob_nb
mimir-mistral-7b-base-scratch	93.529	16	prompt_1	tatoeba_eng_nob_nb
mimir-mistral-7b-base-scratch	93.515	16	prompt_2	tatoeba_eng_nob_nb
mimir-mistral-7b-base-scratch	93.442	16	prompt_3	tatoeba_eng_nob_nb
mimir-mistral-7b-extended	94.437	16	prompt_3	tatoeba_eng_nob_nb
mimir-mistral-7b-extended	94.469	16	prompt_1	tatoeba_eng_nob_nb
mimir-mistral-7b-extended	94.468	16	prompt_0	tatoeba_eng_nob_nb
mimir-mistral-7b-extended	94.473	16	prompt_2	tatoeba_eng_nob_nb
mimir-7b-fiction	93.486	16	prompt_1	tatoeba_eng_nob_nb
mimir-7b-fiction	93.505	16	prompt_0	tatoeba_eng_nob_nb
mimir-7b-fiction	93.406	16	prompt_3	tatoeba_eng_nob_nb
mimir-7b-fiction	93.463	16	prompt_2	tatoeba_eng_nob_nb
mimir-7b-nonfiction	93.794	16	prompt_0	tatoeba_eng_nob_nb
mimir-7b-nonfiction	93.785	16	prompt_2	tatoeba_eng_nob_nb
mimir-7b-nonfiction	93.853	16	prompt_1	tatoeba_eng_nob_nb
mimir-7b-nonfiction	93.697	16	prompt_3	tatoeba_eng_nob_nb
mimir-7b-factual	93.804	16	prompt_1	tatoeba_eng_nob_nb
mimir-7b-factual	93.78	16	prompt_0	tatoeba_eng_nob_nb
mimir-7b-factual	93.698	16	prompt_3	tatoeba_eng_nob_nb
mimir-7b-factual	93.789	16	prompt_2	tatoeba_eng_nob_nb
mimir-7b-newspapers	93.474	16	prompt_0	tatoeba_eng_nob_nb
mimir-7b-newspapers	93.513	16	prompt_2	tatoeba_eng_nob_nb
mimir-7b-newspapers	93.501	16	prompt_1	tatoeba_eng_nob_nb
mimir-7b-newspapers	93.452	16	prompt_3	tatoeba_eng_nob_nb
mimir-7b-books	93.822	16	prompt_2	tatoeba_eng_nob_nb
mimir-7b-books	93.751	16	prompt_3	tatoeba_eng_nob_nb
mimir-7b-books	93.844	16	prompt_1	tatoeba_eng_nob_nb
mimir-7b-books	93.799	16	prompt_0	tatoeba_eng_nob_nb
mimir-7b-rightholders	93.832	16	prompt_2	tatoeba_eng_nob_nb
mimir-7b-rightholders	93.807	16	prompt_0	tatoeba_eng_nob_nb
mimir-7b-rightholders	93.679	16	prompt_3	tatoeba_eng_nob_nb
mimir-7b-rightholders	93.867	16	prompt_1	tatoeba_eng_nob_nb
mimir-7b-untranslated-withnewspapers	93.824	16	prompt_1	tatoeba_eng_nob_nb
mimir-7b-untranslated-withnewspapers	93.796	16	prompt_2	tatoeba_eng_nob_nb
mimir-7b-untranslated-withnewspapers	93.781	16	prompt_0	tatoeba_eng_nob_nb
mimir-7b-untranslated-withnewspapers	93.72	16	prompt_3	tatoeba_eng_nob_nb
mimir-7b-untranslated	93.773	16	prompt_2	tatoeba_eng_nob_nb
mimir-7b-untranslated	93.789	16	prompt_1	tatoeba_eng_nob_nb
mimir-7b-untranslated	93.82	16	prompt_0	tatoeba_eng_nob_nb
mimir-7b-untranslated	93.707	16	prompt_3	tatoeba_eng_nob_nb
mimir-7b-translated	93.615	16	prompt_0	tatoeba_eng_nob_nb
mimir-7b-translated	93.62	16	prompt_1	tatoeba_eng_nob_nb
mimir-7b-translated	93.575	16	prompt_2	tatoeba_eng_nob_nb
mimir-7b-translated	93.502	16	prompt_3	tatoeba_eng_nob_nb
mimir-mistral-7b-base	94.355	16	prompt_0	tatoeba_eng_nob_nb
mimir-mistral-7b-base	94.351	16	prompt_1	tatoeba_eng_nob_nb
mimir-mistral-7b-base	94.347	16	prompt_3	tatoeba_eng_nob_nb
mimir-mistral-7b-base	94.372	16	prompt_2	tatoeba_eng_nob_nb
mimir-mistral-7b-extended-scratch	94.044	16	prompt_0	tatoeba_eng_nob_nb
mimir-mistral-7b-extended-scratch	93.999	16	prompt_3	tatoeba_eng_nob_nb
mimir-mistral-7b-extended-scratch	93.94	16	prompt_2	tatoeba_eng_nob_nb
mimir-mistral-7b-extended-scratch	93.976	16	prompt_1	tatoeba_eng_nob_nb
mimir-mistral-7b-base-scratch	94.04	16	prompt_0	tatoeba_nob_eng_nb
mimir-mistral-7b-base-scratch	93.984	16	prompt_1	tatoeba_nob_eng_nb
mimir-mistral-7b-base-scratch	93.957	16	prompt_3	tatoeba_nob_eng_nb
mimir-mistral-7b-base-scratch	93.953	16	prompt_2	tatoeba_nob_eng_nb
mimir-mistral-7b-extended	94.943	16	prompt_2	tatoeba_nob_eng_nb
mimir-mistral-7b-extended	94.936	16	prompt_3	tatoeba_nob_eng_nb
mimir-mistral-7b-extended	94.961	16	prompt_0	tatoeba_nob_eng_nb
mimir-mistral-7b-extended	94.938	16	prompt_1	tatoeba_nob_eng_nb
mimir-7b-fiction	93.821	16	prompt_3	tatoeba_nob_eng_nb
mimir-7b-fiction	93.765	16	prompt_0	tatoeba_nob_eng_nb
mimir-7b-fiction	93.784	16	prompt_2	tatoeba_nob_eng_nb
mimir-7b-fiction	93.796	16	prompt_1	tatoeba_nob_eng_nb
mimir-7b-nonfiction	94.086	16	prompt_1	tatoeba_nob_eng_nb
mimir-7b-nonfiction	94.096	16	prompt_0	tatoeba_nob_eng_nb
mimir-7b-nonfiction	94.033	16	prompt_2	tatoeba_nob_eng_nb
mimir-7b-nonfiction	93.995	16	prompt_3	tatoeba_nob_eng_nb
mimir-7b-factual	94.053	16	prompt_1	tatoeba_nob_eng_nb
mimir-7b-factual	94.016	16	prompt_0	tatoeba_nob_eng_nb
mimir-7b-factual	94.011	16	prompt_2	tatoeba_nob_eng_nb
mimir-7b-factual	94.048	16	prompt_3	tatoeba_nob_eng_nb
mimir-7b-newspapers	93.861	16	prompt_0	tatoeba_nob_eng_nb
mimir-7b-newspapers	93.836	16	prompt_1	tatoeba_nob_eng_nb
mimir-7b-newspapers	93.803	16	prompt_2	tatoeba_nob_eng_nb
mimir-7b-newspapers	93.81	16	prompt_3	tatoeba_nob_eng_nb
mimir-7b-books	94.114	16	prompt_3	tatoeba_nob_eng_nb
mimir-7b-books	94.144	16	prompt_1	tatoeba_nob_eng_nb
mimir-7b-books	94.142	16	prompt_0	tatoeba_nob_eng_nb
mimir-7b-books	94.114	16	prompt_2	tatoeba_nob_eng_nb
mimir-7b-rightholders	94.079	16	prompt_1	tatoeba_nob_eng_nb
mimir-7b-rightholders	94.096	16	prompt_0	tatoeba_nob_eng_nb
mimir-7b-rightholders	94.075	16	prompt_3	tatoeba_nob_eng_nb
mimir-7b-rightholders	94.092	16	prompt_2	tatoeba_nob_eng_nb
mimir-7b-untranslated-withnewspapers	94.063	16	prompt_0	tatoeba_nob_eng_nb
mimir-7b-untranslated-withnewspapers	94.053	16	prompt_3	tatoeba_nob_eng_nb
mimir-7b-untranslated-withnewspapers	94.059	16	prompt_2	tatoeba_nob_eng_nb
mimir-7b-untranslated-withnewspapers	94.085	16	prompt_1	tatoeba_nob_eng_nb
mimir-7b-untranslated	94.09	16	prompt_2	tatoeba_nob_eng_nb
mimir-7b-untranslated	94.053	16	prompt_3	tatoeba_nob_eng_nb
mimir-7b-untranslated	94.124	16	prompt_0	tatoeba_nob_eng_nb
mimir-7b-untranslated	94.115	16	prompt_1	tatoeba_nob_eng_nb
mimir-7b-translated	93.808	16	prompt_3	tatoeba_nob_eng_nb
mimir-7b-translated	93.787	16	prompt_0	tatoeba_nob_eng_nb
mimir-7b-translated	93.836	16	prompt_1	tatoeba_nob_eng_nb
mimir-7b-translated	93.805	16	prompt_2	tatoeba_nob_eng_nb
mimir-mistral-7b-base	94.819	16	prompt_0	tatoeba_nob_eng_nb
mimir-mistral-7b-base	94.817	16	prompt_1	tatoeba_nob_eng_nb
mimir-mistral-7b-base	94.807	16	prompt_2	tatoeba_nob_eng_nb
mimir-mistral-7b-base	94.737	16	prompt_3	tatoeba_nob_eng_nb
mimir-mistral-7b-extended-scratch	94.397	16	prompt_0	tatoeba_nob_eng_nb
mimir-mistral-7b-extended-scratch	94.414	16	prompt_1	tatoeba_nob_eng_nb
mimir-mistral-7b-extended-scratch	94.386	16	prompt_2	tatoeba_nob_eng_nb
mimir-mistral-7b-extended-scratch	94.356	16	prompt_3	tatoeba_nob_eng_nb
